,Q_pe,Q_ne,Q_li_cyc,HPPC 50% discharge 0s,HPPC 50% discharge 3s,HPPC 50% discharge 10s
EFCs (with Diagnostic),0.24833067080684693,0.1238229430120904,0.36653194906112835,0.14302915849697007,0.08071822737254776,0.03756705125041651
