,Q_pe,Q_ne,Q_li_cyc,HPPC 50% discharge 0s,HPPC 50% discharge 3s,HPPC 50% discharge 10s
EFCs (with Diagnostic),0.1483903735412225,0.16190919162385103,0.43782795385996776,0.1512336485714757,0.07906247027578846,0.021576362127694572
