,Q_pe,Q_ne,Q_li_cyc,HPPC 50% discharge 0s,HPPC 50% discharge 3s,HPPC 50% discharge 10s
EFCs (with Diagnostic),0.38238350375891605,0.1511398130913489,0.19301714557735505,0.12475764531551681,0.1122609553912349,0.036440936865628236
