,Q_pe,Q_ne,Q_li_cyc,HPPC 50% discharge 0s,HPPC 50% discharge 3s,HPPC 50% discharge 10s
EFCs (with Diagnostic),0.37635377153357086,0.1546314685653193,0.18939456282850295,0.1372283883801898,0.10908066909953906,0.03331113959287802
