,Q_pe,Q_ne,Q_li_cyc,HPPC 50% discharge 0s,HPPC 50% discharge 3s,HPPC 50% discharge 10s
EFCs (with Diagnostic),0.382661708392549,0.15384427478356144,0.19507509679397406,0.11977352979351111,0.11479578744327762,0.0338496027931268
