,Q_pe,Q_ne,Q_li_cyc,HPPC 50% discharge 0s,HPPC 50% discharge 3s,HPPC 50% discharge 10s
EFCs (with Diagnostic),0.3055004595945389,0.12425272162589737,0.2911334429722254,0.1472790981926684,0.09244755782845149,0.03938671978621852
