,Q_pe,Q_ne,Q_li_cyc,HPPC 50% discharge 0s,HPPC 50% discharge 3s,HPPC 50% discharge 10s
EFCs (with Diagnostic),0.2176295687032254,0.1272756313331009,0.41974415556478134,0.12448063609283157,0.07492513754492222,0.035944870761138524
