,Q_pe,Q_ne,Q_li_cyc,HPPC 50% discharge 0s,HPPC 50% discharge 3s,HPPC 50% discharge 10s
EFCs (with Diagnostic),0.1215537824396839,0.1190827429543621,0.49320922820063906,0.16824318007453715,0.07284490073600285,0.025066165594774953
