,Q_pe,Q_ne,Q_li_cyc,HPPC 50% discharge 0s,HPPC 50% discharge 3s,HPPC 50% discharge 10s
EFCs (with Diagnostic),0.2655702690187391,0.1267846379453865,0.3156681782207956,0.15906170103163655,0.09857919239536875,0.03433602138807351
